{"paid_order_num_tn": 7456.3338, "gmv_tn": 849576.299068, "coupon_fee_tn": 7.295622, "jhs_num_tn": 590.2401, "jhs_gmv_tn": 70714.3301401, "paid_order_num_last5m": 47.9823, "gmv_last5m": 5558.518215, "coupon_fee_last5m": 0.0, "jhs_num_last5m": 4.6248, "jhs_gmv_last5m": 623.8277099999998, "paid_order_num_last10m": 97.1208, "gmv_last10m": 11220.140565, "coupon_fee_last10m": 0.0, "jhs_num_last10m": 8.0934, "jhs_gmv_last10m": 1039.71285, "paid_order_num_last15m": 152.0403, "gmv_last15m": 17191.566705, "coupon_fee_last15m": 0.0, "jhs_num_last15m": 10.4058, "jhs_gmv_last15m": 1316.9696099999999, "paid_order_num_last30m": 308.7054, "gmv_last30m": 34427.605026699996, "coupon_fee_last30m": 2.56727972214e-16, "jhs_num_last30m": 20.2335, "jhs_gmv_last30m": 2564.62503, "paid_order_num_last1h": 619.1451, "gmv_last1h": 70611.8089867, "coupon_fee_last1h": 1.28363986107e-16, "jhs_num_last1h": 46.24800000000001, "jhs_gmv_last1h": 5683.76358, "paid_order_num_last3h": 1885.1841, "gmv_last3h": 209811.813498, "coupon_fee_last3h": 1.0405799999999998, "jhs_num_last3h": 140.4783, "jhs_gmv_last3h": 17051.29074, "paid_order_num_m0": 41.0451, "paid_order_num_m1": 32.9517, "paid_order_num_m2": 38.7327, "paid_order_num_m3": 34.1079, "paid_order_num_m4": 37.5765, "paid_order_num_m5": 27.1707, "paid_order_num_m6": 35.2641, "paid_order_num_m7": 27.7488, "paid_order_num_m8": 24.2802, "paid_order_num_m9": 31.7955, "paid_order_num_m10": 16.1868, "paid_order_num_m11": 24.2802, "paid_order_num_m12": 21.3897, "paid_order_num_m13": 21.9678, "paid_order_num_m14": 21.3897, "paid_order_num_m15": 18.4992, "paid_order_num_m16": 23.7021, "paid_order_num_m17": 12.7182, "paid_order_num_m18": 10.4058, "paid_order_num_m19": 15.0306, "paid_order_num_m20": 12.1401, "paid_order_num_m21": 10.9839, "paid_order_num_m22": 10.4058, "paid_order_num_m23": 12.7182, "paid_order_num_t0": 371.1402, "paid_order_num_t1": 191.3511, "paid_order_num_t2": 104.6361, "paid_order_num_t3": 53.7633, "paid_order_num_t4": 45.0918, "paid_order_num_t5": 61.2786, "paid_order_num_t6": 151.4622, "paid_order_num_t7": 294.83099999999996, "paid_order_num_t8": 465.9486, "paid_order_num_t9": 653.8311, "paid_order_num_t10": 764.8263, "paid_order_num_t11": 708.1725, "paid_order_num_t12": 624.3480000000002, "paid_order_num_t13": 624.9261, "paid_order_num_t14": 620.8794, "paid_order_num_t15": 607.005, "paid_order_num_t16": 647.472, "paid_order_num_t17": 0.0, "paid_order_num_t18": 0.0, "paid_order_num_t19": 0.0, "paid_order_num_t20": 0.0, "paid_order_num_t21": 0.0, "paid_order_num_t22": 0.0, "gmv_m0": 4981.805655, "gmv_m1": 3410.4720450000004, "gmv_m2": 4521.869295, "gmv_m3": 3996.4342049999996, "gmv_m4": 3785.10975, "gmv_m5": 3745.596615, "gmv_m6": 4797.449565, "gmv_m7": 3447.3837299999996, "gmv_m8": 2291.039205, "gmv_m9": 3881.1899700000004, "gmv_m10": 1622.9290349999999, "gmv_m11": 2552.051355, "gmv_m12": 2034.4206149999998, "gmv_m13": 2225.51157, "gmv_m14": 2100.17949, "gmv_m15": 1908.77058, "gmv_m16": 2913.81205869, "gmv_m17": 1197.76539, "gmv_m18": 1009.4146289999999, "gmv_m19": 1980.74403, "gmv_m20": 1194.5280300000004, "gmv_m21": 1009.218075, "gmv_m22": 971.1501900000001, "gmv_m23": 1286.706075, "gmv_t0": 43033.330425, "gmv_t1": 19832.220732700003, "gmv_t2": 11362.792521, "gmv_t3": 6053.024955, "gmv_t4": 5338.088685, "gmv_t5": 7142.772359999999, "gmv_t6": 17893.784775, "gmv_t7": 35413.625564999995, "gmv_t8": 55845.147938999995, "gmv_t9": 77395.715826, "gmv_t10": 87440.532843, "gmv_t11": 79548.421482, "gmv_t12": 73110.95424600001, "gmv_t13": 68614.28651640001, "gmv_t14": 69375.2070225, "gmv_t15": 64874.306847, "gmv_t16": 74844.64069110001, "gmv_t17": 0.0, "gmv_t18": 0.0, "gmv_t19": 0.0, "gmv_t20": 0.0, "gmv_t21": 0.0, "gmv_t22": 0.0, "jhs_num_t0": 35.8422, "jhs_num_t1": 15.6087, "jhs_num_t2": 8.0934, "jhs_num_t3": 2.3124, "jhs_num_t4": 4.6248, "jhs_num_t5": 7.5153, "jhs_num_t6": 13.2963, "jhs_num_t7": 32.9517, "jhs_num_t8": 45.6699, "jhs_num_t9": 51.4509, "jhs_num_t10": 57.2319, "jhs_num_t11": 52.6071, "jhs_num_t12": 52.028999999999996, "jhs_num_t13": 40.467, "jhs_num_t14": 41.6232, "jhs_num_t15": 45.6699, "jhs_num_t16": 44.5137, "jhs_num_t17": 0.0, "jhs_num_t18": 0.0, "jhs_num_t19": 0.0, "jhs_num_t20": 0.0, "jhs_num_t21": 0.0, "jhs_num_t22": 0.0, "jhs_gmv_m0": 403.80285, "jhs_gmv_m1": 602.709000144, "jhs_gmv_m2": 346.57095, "jhs_gmv_m3": 346.57095, "jhs_gmv_m4": 138.62838, "jhs_gmv_m5": 277.25676, "jhs_gmv_m6": 542.43123, "jhs_gmv_m7": 461.03475, "jhs_gmv_m8": 554.51352, "jhs_gmv_m9": 138.62838, "jhs_gmv_m10": 57.2319, "jhs_gmv_m11": 346.57095, "jhs_gmv_m12": 69.31419, "jhs_gmv_m13": 138.62838, "jhs_gmv_m14": 403.80285, "jhs_gmv_m15": 138.62838, "jhs_gmv_m16": 207.94257, "jhs_gmv_m17": 69.31419, "jhs_gmv_m18": 138.62838, "jhs_gmv_m19": 207.94257, "jhs_gmv_m20": 57.2319, "jhs_gmv_m21": 0.0, "jhs_gmv_m22": 195.86028000000002, "jhs_gmv_m23": 195.86028000000002, "jhs_gmv_t0": 4215.94962014, "jhs_gmv_t1": 1823.1539699999998, "jhs_gmv_t2": 958.3163699999999, "jhs_gmv_t3": 265.17447000000004, "jhs_gmv_t4": 542.43123, "jhs_gmv_t5": 876.91989, "jhs_gmv_t6": 1615.2114, "jhs_gmv_t7": 3805.92135, "jhs_gmv_t8": 5330.83353, "jhs_gmv_t9": 6156.88062, "jhs_gmv_t10": 7000.733190000001, "jhs_gmv_t11": 6307.59129, "jhs_gmv_t12": 6307.59129, "jhs_gmv_t13": 4851.9933, "jhs_gmv_t14": 5059.93587, "jhs_gmv_t15": 5475.8210100000015, "jhs_gmv_t16": 5337.19263, "jhs_gmv_t17": 0.0, "jhs_gmv_t18": 0.0, "jhs_gmv_t19": 0.0, "jhs_gmv_t20": 0.0, "jhs_gmv_t21": 0.0, "jhs_gmv_t22": 0.0, "coupon_fee_t0": 0.0, "coupon_fee_t1": 0.11562, "coupon_fee_t2": 0.0, "coupon_fee_t5": 0.0, "coupon_fee_t6": 2.60145, "coupon_fee_t7": 0.5781, "coupon_fee_t8": 0.17343, "coupon_fee_t9": 1.670709, "coupon_fee_t10": 0.023124000000000002, "coupon_fee_t11": 0.0, "coupon_fee_t12": 0.0057810000000000005, "coupon_fee_t13": 0.0057810000000000005, "coupon_fee_t14": 1.0810469999999999, "coupon_fee_t15": 1.0405799999999998, "coupon_fee_t16": 0.0, "coupon_fee_t17": 0.0, "coupon_fee_t18": 0.0, "coupon_fee_t19": 0.0, "coupon_fee_t20": 0.0, "coupon_fee_t21": 0.0, "coupon_fee_t22": 0.0, "activity_price_sum": 12654.608999999999, "original_price_sum": 18563.3691, "diff_price_sum": 5908.7601, "discount_sum": 8.96055, "activity_price_avg": 12654.608999999999, "original_price_avg": 18563.3691, "diff_price_avg": 5908.7601, "activity_price_std": 0.0, "original_price_std": 0.0, "diff_price_std": 0.0, "activity_price_med": 12654.608999999999, "original_price_med": 18563.3691, "diff_price_med": 5908.7601, "item_id_num": 1.1562, "paid_order_num_td_preyear": 5193.6504, "gmv_td_preyear": 653355.640997, "paid_order_num_d1_preyear": 3769.7901, "gmv_d1_preyear": 491056.60907, "paid_order_num_d2_preyear": 5415.0627, "gmv_d2_preyear": 637134.009732, "paid_order_num_hh24_preyear": 4474.4940000000015, "gmv_hh24_preyear": 579343.551246, "paid_order_num_hh48_preyear": 9602.241, "gmv_hh48_preyear": 1190629.4453399999, "paid_order_num_hh72_preyear": 31761.3921, "gmv_hh72_preyear": 3412876.66144, "paid_order_num_tn_preyear": 3056.9928, "gmv_tn_preyear": 384759.04867600003, "coupon_fee_tn_preyear": 22.470747, "jhs_num_tn_preyear": 0.0, "jhs_gmv_tn_preyear": 0.0, "paid_order_num_td_0307": 248755.8519, "gmv_td_0307": 33753027.9408, "paid_order_num_d1_0307": 91870.4958, "gmv_d1_0307": 11672249.7059, "paid_order_num_d2_0307": 55799.9463, "gmv_d2_0307": 7030612.454630001, "paid_order_num_hh24_0307": 97328.916, "gmv_hh24_0307": 12865934.8029, "paid_order_num_hh48_0307": 162860.0196, "gmv_hh48_0307": 20842905.1529, "paid_order_num_hh72_0307": 157883.7348, "gmv_hh72_0307": 24865358.3435, "paid_order_num_tn_0307": 207341.34600000002, "gmv_tn_0307": 28212145.1025, "coupon_fee_tn_0307": 4784.280447, "jhs_num_tn_0307": 195288.5391, "jhs_gmv_tn_0307": 25319483.078, "paid_order_num_td_0618": 333170.592, "gmv_td_0618": 38833095.5237, "paid_order_num_d1_0618": 72610.5162, "gmv_d1_0618": 8739165.334460001, "paid_order_num_d2_0618": 84847.737, "gmv_d2_0618": 10117387.9225, "paid_order_num_hh24_0618": 101737.5066,